{
  "id": "stripe-payment-plugin",
  "name": "Stripe Payment Gateway",
  "version": "2.0.0",
  "description": "Accept credit card payments securely with Stripe",
  "author": "Tickets Platform Team",
  "category": "payment",
  "displayName": "Credit Card (Stripe)",
  "iconUrl": "https://images.stripe.com/newsroom/2021/stripe_rebrand/Stripe_icon_-_square.svg",
  "requiredPermissions": ["read:orders", "write:transactions"],
  "priority": 100,
  "extensionPoints": [
    "admin-settings",
    "payment-methods",
    "checkout-confirmation"
  ],
  "configSchema": {
    "type": "object",
    "properties": {
      "apiKey": {
        "type": "string",
        "title": "Stripe Secret API Key",
        "description": "Your Stripe secret API key from the Stripe Dashboard",
        "pattern": "^sk_(test_|live_)",
        "minLength": 20
      },
      "publishableKey": {
        "type": "string",
        "title": "Stripe Publishable Key",
        "description": "Your Stripe publishable key for client-side integration",
        "pattern": "^pk_(test_|live_)",
        "minLength": 20
      },
      "webhookUrl": {
        "type": "string",
        "title": "Webhook URL (Optional)",
        "description": "Stripe will send payment events to this URL",
        "format": "uri"
      },
      "testMode": {
        "type": "boolean",
        "title": "Test Mode",
        "description": "Use test API keys and process test payments",
        "default": true
      }
    },
    "required": ["apiKey", "publishableKey"],
    "sensitiveFields": ["apiKey"]
  },
  "supportedCurrencies": ["USD", "EUR", "GBP", "CAD", "AUD"],
  "supportedCountries": [
    "US",
    "CA",
    "GB",
    "AU",
    "AT",
    "BE",
    "DK",
    "FI",
    "FR",
    "DE",
    "IE",
    "IT",
    "LU",
    "NL",
    "NO",
    "PT",
    "ES",
    "SE",
    "CH"
  ],
  "dependencies": {
    "stripe": "^14.21.0"
  },
  "environment": {
    "browser": true,
    "node": false
  },
  "build": {
    "entry": "src/index.tsx",
    "output": "dist/plugin.js",
    "format": "esm",
    "external": ["react", "react-dom"]
  }
}
